"Titel","Autor(s)","ISBN","Verlag","Erscheinungsjahr","Erstausgabe","Reihe","Band","Genre","Subgenre","Anmerkung",,,,
"The Complete Chronicles of Narnia","C. S. Lewis","0-583-33769-4","Collins",1998,"1950-1956",,,"Fantasy",,,,,,
"Eragon","Christopher Paolini","0-375-82668-8","Knopf",2003,2003,"The Inheritance Cycle",1,"Fantasy",,,,,,
"Eldest","Christopher Paolini","0-375-82670-x","Knopf",2005,2005,"The Inheritance Cycle",2,"Fantasy",,,,,,
"Brisingr","Christopher Paolini","978-0-375-82672-6","Knopf",2008,2008,"The Inheritance Cycle",3,"Fantasy",,,,,,
"Inheritance","Christopher Paolini","978-0-375-85611-2","Knopf",2011,2011,"The Inheritance Cycle",4,"Fantasy",,,,,,
"Tintenherz","Cornelia Funke","3-7915-0465-7","Cecilie Dressler Verlag",2006,2003,"Tintenwelt",1,"Fantasy",,,,,,
"Tintenblut","Cornelia Funke","3-7915-0467-3","Cecilie Dressler Verlag",2006,2005,"Tintenwelt",2,"Fantasy",,,,,,
"Tintenwelt","Cornelia Funke","978-3-7915-0476-6","Cecilie Dressler Verlag",2007,2007,"Tintenwelt",3,"Fantasy",,,,,,
"Miss Peregrine’s Home for Peculiar Children","Ransom Riggs","978-1-59474-603-1","Quirk Books",2013,2011,"Miss Peregrine’s Home for Peculiar Children",1,"Fantasy",,,,,,
"Hollow City","Ransom Riggs","978-1-59474-735-9","Quirk Books",2015,2014,"Miss Peregrine’s Home for Peculiar Children",2,"Fantasy",,,,,,
"Library of Souls","Ransom Riggs","978-1-59474-840-0","Quirk Books",2015,2015,"Miss Peregrine’s Home for Peculiar Children",3,"Fantasy",,,,,,
"A Map of Days","Ransom Riggs","978-0-73523-156-6","Dutton",2018,2018,"Miss Peregrine’s Home for Peculiar Children",4,"Fantasy",,,,,,
"The Conference of the Birds","Ransom Riggs","978-0-73523-152-8","Penguin Books",2020,2020,"Miss Peregrine’s Home for Peculiar Children",5,"Fantasy",,,,,,
"The Desolations of Devil’s Acre","Ransom Riggs","978-0-59335-461-2","Dutton",2021,2021,"Miss Peregrine’s Home for Peculiar Children",6,"Fantasy",,,,,,
"The Magicians","Lev Grossman","978-0-452-29629-9","Penguin Books",2016,2009,"The Magicians Trilogy",1,"Fantasy",,,,,,
"The Magician King","Lev Grossman","978-0-452-29801-9","Penguin Books",2016,2011,"The Magicians Trilogy",2,"Fantasy",,,,,,
"The Magician’s Land","Lev Grossman","978-0-14-751614-5","Penguin Books",2016,2014,"The Magicians Trilogy",3,"Fantasy",,,,,,
"Dune","Frank Herbert","978-0-441-17271-9","Ace",2010,1965,"Dune",1,"Science Fiction",,,,,,
"Dune Messiah","Frank Herbert","978-0-593-09823-3","Ace",2019,1969,"Dune",2,"Science Fiction",,,,,,
"Children of Dune","Frank Herbert","978-0-593-09824-0","Ace",2019,1976,"Dune",3,"Science Fiction",,,,,,
"God Emperor of Dune","Frank Herbert","978-0-593-09825-7","Ace",2019,1981,"Dune",4,"Science Fiction",,,,,,
"Heretics of Dune","Frank Herbert","978-0-593-09826-4","Ace",2019,1984,"Dune",5,"Science Fiction",,,,,,
"Chapterhouse: Dune","Frank Herbert","978-0-593-09827-1","Ace",2019,1985,"Dune",6,"Science Fiction",,,,,,
"Hunters of Dune","Brian Herbert and Kevin J. Anderson","978-0-7653-5148-7","TOR",2007,2006,"Dune",7,"Science Fiction",,,,,,
"Sandworms of Dune","Brian Herbert and Kevin J. Anderson","978-0-7653-5149-4","TOR",2008,2007,"Dune",8,"Science Fiction",,,,,,
"Hyperion","Dan Simmons","0-553-28368-5","Bantam Spectra",1995,1989,"Hyperion Cantos",1,"Science Fiction",,,,,,
"The Fall of Hyperion","Dan Simmons","0978-0-553-28820-9","Bantam Spectra",1995,1990,"Hyperion Cantos",2,"Science Fiction",,,,,,
"Mortal Engines","Philip Reeve","978-1-407152-13-4","Scholastic",2015,2001,"Predator Cities",1,"Science Fiction",,,,,,
"Predator’s Gold","Philip Reeve","978-1-407152-14-1","Scholastic",2015,2003,"Predator Cities",2,"Science Fiction",,,,,,
"Infernal Devices","Philip Reeve","978-1-407152-12-7","Scholastic",2015,2005,"Predator Cities",3,"Science Fiction",,,,,,
"A Darkling Plain","Philip Reeve","978-1-407152-11-0","Scholastic",2015,2006,"Predator Cities",4,"Science Fiction",,,,,," "
"Railhead","Philip Reeve","978-0-19-274276-6","Oxford Univerity Press",2016,2015,"Railhead ",1,"Science Fiction",,,,,,
"Black Light Express","Philip Reeve","978-0-19-274479-1","Oxford Univerity Press",2017,2015,"Railhead ",2,"Science Fiction",,,,,,
"Station Zero","Philip Reeve","978-0-19-275912-3","Oxford Univerity Press",2018,2018,"Railhead ",3,"Science Fiction",,,,,,
"Wool","Hugh Howey","978-0-358-44784-9","Harper Collins",2020,"2011/2012","Silo",1,"Science Fiction",,,,,,
"Shift","Hugh Howey","978-0-544-83964-9","Harper Collins",2020,"2012/2013","Silo",2,"Science Fiction",,,,,,
"Dust","Hugh Howey","978-0-544-83826-0","Harper Collins",2020,2013,"Silo",3,"Science Fiction",,,,,,
"Silo Stories","Hugh Howey",,"Harper Collins",2020,2017,"Silo",4,"Science Fiction",,,,,,
"Leviathan Wakes","James S. A. Corey","978-1-84149-989-5","Orbit",2012,2011,"The Expanse",1,"Science Fiction",,,,,,
"Caliban’s War","James S. A. Corey","978-1-84149-991-8","Orbit",2013,2012,"The Expanse",2,"Science Fiction",,,,,,
"Abaddon’s Gate","James S. A. Corey","978-1-84149-993-2","Orbit",2014,2013,"The Expanse",3,"Science Fiction",,,,,,
"Cibola Burn","James S. A. Corey","978-0-356-50419-3","Orbit",2015,2014,"The Expanse",4,"Science Fiction",,,,,,
"Nemesis Games","James S. A. Corey","978-0-356-50425-4","Orbit",2016,2015,"The Expanse",5,"Science Fiction",,,,,,
"The Maze Runner","James Dashner","978-0-385-73795-1","Delacorte Press",,,"The Maze Runner Series",1,"Science Fiction",,,,,,
"The Scorch Trials","James Dashner","978-0-385-73876-7","Delacorte Press",,,"The Maze Runner Series",2,"Science Fiction",,,,,,
"The Death Cure","James Dashner","978-0-385-73878-1","Delacorte Press",,,"The Maze Runner Series",3,"Science Fiction",,,,,,
"The Kill Order","James Dashner","978-0-385-74289-4","Delacorte Press",,,"The Maze Runner Series",4,"Science Fiction",,,,,,
"The Fever Code","James Dashner","978-0-553-51312-7","Delacorte Press",,,"The Maze Runner Series",5,"Science Fiction",,,,,,
"Foundation","Isaac Asimov","978-0-553-29335-7","Del Rey",2021,1951,"Foundation",1,"Science Fiction",,,,,,
"Foundation and Empire","Isaac Asimov","978-0-553-29337-1","Del Rey",2021,1952,"Foundation",2,"Science Fiction",,,,,,
"Second Foundation","Isaac Asimov","978-0-553-29336-4","Del Rey",2021,1953,"Foundation",3,"Science Fiction",,,,,,
"Otherland: City of Golden Shadow","Tad Williams","0-88677-763-1","DAW Books",1998,1996,"Otherland",1,"Science Fiction",,,,,,
"Otherland: River of Blue Fire","Tad Williams","0-88677-844-1","DAW Books",1999,1998,"Otherland",2,"Science Fiction",,,,,,
"Otherland: Mountain of Black Glass","Tad Williams","0-88677-906-5","DAW Books",2000,1999,"Otherland",3,"Science Fiction",,,,,,
"Otherland: Sea of Silver Light","Tad Williams","0-7564-0030-9","DAW Books",2002,2001,"Otherland",4,"Science Fiction",,,,,,
"Blood Music","Greg Bear","0-09-952340-x","Legend Books",1988,1985,,,"Science Fiction",,,,,,
"The Road to Mars","Eric Idle","0-7522-2419-0","Boxtree",1999,1999,,,"Science Fiction",,,,,,
"Flashforward","Robert J. Sawyer","978-0-8125-8034-1","TOR",2000,1999,,,"Science Fiction",,,,,,
"Halo: Kryptum","Greg Bear","978-3-8332-2126-2","Panini Books",2011,2011,"Blutsväter-Saga",1,"Science Fiction","Halo","Deutsche Version",,,,
"Halo: Primordium","Greg Bear","978-3-8332-2524-6","Panini Books",2012,2012,"Blutsväter-Saga",2,"Science Fiction","Halo","Deutsche Version",,,,
"Halo: The Fall of Reach","Eric Nylund","978-0-7653-6729-7","TOR",2011,"2001/2010","Halo ",1,"Science Fiction","Halo",,,,,
"Halo: The Flood","William C. Dietz","978-0-7653-6730-3","TOR",2012,"2003/2010","Halo ",2,"Science Fiction","Halo",,,,,
"Halo: First Strike","Eric Nylund","978-0-7653-6731-0","TOR",2012,"2003/2010","Halo ",3,"Science Fiction","Halo",,,,,
"Halo: Ghosts of Onyx","Eric Nylund","978-0-765-35470-9","TOR",2007,2006,"Halo",4,"Science Fiction","Halo",,,,,
"Halo: Glasslands","Karen Traviss","978-0-7653-6945-1","TOR",2012,2011,"Kilo-Five",1,"Science Fiction","Halo",,,,,
"Halo: The Thursday War","Karen Traviss","978-0-7653-7039-6","TOR",2013,2012,"Kilo-Five",2,"Science Fiction","Halo",,,,,
"Halo: Mortal Dictata","Karen Traviss","978-0-7653-7579-7","TOR",2015,2014,"Kilo-Five",3,"Science Fiction","Halo",,,,,
"Halo: Contact Harvest","Joseph Staten","978-0-7653-1569-4","TOR",2007,2007,,,"Science Fiction","Halo",,,,,
"Halo: Evolutions Vol. 1","Tobias S. Buckell; B.K. Evenson; Jonathan Goff; Eric Nylund; Frank O’Connor; Eric Raab","978-0-7653-5475-4","TOR",2010,2009,"Halo: Evolutions",1,"Science Fiction","Halo",,,,,
"Halo: Evolutions Vol. 2","Tessa Kum & Jeff Vandermeer; Kevin Grace; Robt McLees; Karen Traviss; Fred van Lente","978-0-7653-6695-5","TOR",2010,2009,"Halo: Evolutions",2,"Science Fiction","Halo",,,,,
"Star Wars Republic Commando: Feindkontakt","Karen Traviss","978-3-8332-1199-7","Panini Books",2008,,"Star Wars Republic Commando",1,"Science Fiction","Star Wars","Deutsche Version",,,,
"Star Wars Republic Commando: Triple Zero","Karen Traviss","978-3-8332-1366-3","Panini Books",2008,,"Star Wars Republic Commando",2,"Science Fiction","Star Wars","Deutsche Version",,,,
"Star Wars Republic Commando: True Colors","Karen Traviss","978-3-8332-1653-4","Panini Books",2008,,"Star Wars Republic Commando",3,"Science Fiction","Star Wars","Deutsche Version",,,,
"Star Wars Republic Commando: Order 66","Karen Traviss","978-3-8332-1735-7","Panini Books",2008,,"Star Wars Republic Commando",4,"Science Fiction","Star Wars","Deutsche Version",,,,
"Star Wars Imperial Commando: Die 501.","Karen Traviss","978-3-8332-1935-1","Panini Books",2009,,"Star Wars Republic Commando",5,"Science Fiction","Star Wars","Deutsche Version",,,,
"Star Wars X-Wing: Angriff auf Coruscant","Michael Stackpole","3-442-43158-1","Goldmann",1996,,"X-Wing",1,"Science Fiction","Star Wars","Deutsche Version",,,,
"Star Wars X-Wing: Die Mission der Rebellen","Michael Stackpole","3-442-24766-7","Goldmann",1997,,"X-Wing",2,"Science Fiction","Star Wars","Deutsche Version",,,,
"Star Wars X-Wing: Die Teuflische Falle","Michael Stackpole","3-442-24801-9","Goldmann",1997,,"X-Wing",3,"Science Fiction","Star Wars","Deutsche Version",,,,
"Star Wars X-Wing: Bacta-Piraten","Michael Stackpole","3-442-24819-1","Goldmann",1998,,"X-Wing",4,"Science Fiction","Star Wars","Deutsche Version",,,,
"Star Wars X-Wing: Die Gespensterstaffel","Aaron Allston","3-442-35128-6","Blanvalet",1999,,"X-Wing",5,"Science Fiction","Star Wars","Deutsche Version",,,,
"Star Wars X-Wing: Operation Eiserne Faust","Aaron Allston","3-442-35142-1","Blanvalet",1999,,"X-Wing",6,"Science Fiction","Star Wars","Deutsche Version",,,,
"Star Wars X-Wing: Kommando Han Solo","Aaron Allston","3-442-35197-9","Blanvalet",2000,,"X-Wing",7,"Science Fiction","Star Wars","Deutsche Version",,,,
"Star Wars X-Wing: Isards Rache","Michael Stackpole","3-442-35198-7","Blanvalet",2000,,"X-Wing",8,"Science Fiction","Star Wars","Deutsche Version",,,,
"Star Wars X-Wing: Das Letzte Gefecht","Aaron Allston","3-442-24231-2","Blanvalet",2004,,"X-Wing",9,"Science Fiction","Star Wars","Deutsche Version",,,,
"Star Wars Boba Fett Sammelband 1","Terry Bisson; Elizabeth Hand","978-3-8332-1876-7","Panini Books",2010,,"Boba Fett","1-3","Science Fiction","Star Wars","Deutsche Version",,,,
"Star Wars Boba Fett Sammelband 2","Elizabeth Hand","978-3-8332-1937-5","Panini Books",2009,,"Boba Fett","4-6","Science Fiction","Star Wars","Deutsche Version",,,,
"Serpent","Clive Cussler","0-671-02216-4","Pocket Books",2000,1999,"Numa Files ",1,,,,,,,
"Blue Gold","Clive Cussler","0-684-86616-1","Simon & Schuster",2000,2000,"Numa Files ",2,,,,,,,
"Fire Ice","Clive Cussler","0-140-29736-7","Penguin Books",2003,2002,"Numa Files ",3,,,,,,,
"White Death","Clive Cussler","0-140-29737-5","Penguin Books",2004,2003,"Numa Files ",4,,,,,,,
"Lost City","Clive Cussler","0-425-20419-7","Berkley",2005,2004,"Numa Files ",5,,,,,,,
"Polar Shift","Clive Cussler","978-0-425-21133-5","Berkley",2007,2005,"Numa Files ",6,,,,,,,
"The Navigator","Clive Cussler","978-0-425-22236-2","Berkley",2008,2007,"Numa Files ",7,,,,,,,
"Medusa","Clive Cussler","978-0-425-23582-9","Berkley",2010,2009,"Numa Files ",8,,,,,,,
"Devil’s Gate","Clive Cussler","978-0-718-15646-6","Michael Joseph",2011,2011,"Numa Files ",9,,,,,,,
"The Storm","Clive Cussler","978-0-425-26763-9","Berkley",2013,2012,"Numa Files ",10,,,,,,,
"Zero Hour ","Clive Cussler","978-0-718-17718-8","Michael Joseph",2013,2013,"Numa Files ",11,,,,,,,
"Ghost Ship","Clive Cussler","978-1-405-91452-9","Penguin Books",2015,2014,"Numa Files ",12,,,,,,,
"The Pharaoh’s Secret","Clive Cussler","978-1-405-91900-5","Penguin Books",2016,2015,"Numa Files ",13,,,,,,,
"Nighthawk","Clive Cussler","978-1-405-92387-3","Penguin Books",2018,2017,"Numa Files ",14,,,,,,,
"The Rising Sea","Clive Cussler","978-0-718-18717-0","Michael Joseph",2018,2018,"Numa Files ",15,,,,,,,
"Sea of Greed","Clive Cussler","978-1-405-93712-2","Penguin Books",2019,2018,"Numa Files ",16,,,,,,,
"Golden Buddha","Clive Cussler","0-141-01031-2","Penguin Books",2004,2003,"Oregon Files",1,,,,,,,
"Sacred Stone","Clive Cussler","0-141-01032-0","Penguin Books",2006,2004,"Oregon Files",2,,,,,,,
"Dark Watch","Clive Cussler","0-425-21092-8","Berkley",2006,2005,"Oregon Files",3,,,,,,,
"Skeleton Coast","Clive Cussler","978-0-425-24571-2","Berkley",2012,2006,"Oregon Files",4,,,,,,,
"Plague Ship","Clive Cussler","978-0-141-03319-8","Penguin Books",2009,2008,"Oregon Files",5,,,,,,,
"Corsair","Clive Cussler","978-0-425-23329-0","Berkley",2010,2009,"Oregon Files",6,,,,,,,
"The Silent Sea","Clive Cussler","978-0-241-95343-3","Penguin Books",2011,2010,"Oregon Files",7,,,,,,,
"The Jungle","Clive Cussler","978-0-399-15704-2","Putnam",2011,2011,"Oregon Files",8,,,,,,,
"Mirage","Clive Cussler","978-0-241-95712-7","Penguin Books",2014,2013,"Oregon Files",9,,,,,,,
"Piranha","Clive Cussler","978-1-405-91443-7","Penguin Books",2016,2014,"Oregon Files",10,,,,,,,
"The Emperor’s Revenge","Clive Cussler","978-1-405-92378-1","Penguin Books",2017,2016,"Oregon Files",11,,,,,,,
"Typhoon Fury","Clive Cussler","978-1-405-92771-0","Penguin Books",2018,2017,"Oregon Files",12,,,,,,,
"Shadow Tyrants","Clive Cussler","978-0-241-34951-9","Michael Joseph",2018,2018,"Oregon Files",13,,,,,,,
"Final Option","Clive Cussler","978-1-405-94100-6","Penguin Books",2020,2019,"Oregon Files",14,,,,,,,
"Marauder","Clive Cussler","978-0-593-08793-0","Putnam",2021,2020,"Oregon Files",15,,,,,,,
"MASH","Richard Hooker","0-688-14955-3","Harper Perennial",2001,1968,,,,,"Neuer Einband",,,,
"Ella Minnow Pea","Mark Dunn","978-0-413-77295-4","Methuen",2003,2001,,,,,,,,,
"The Road","Cormac McCarthy","978-0-307-38645-8","Vintage International",2007,2006,,,"Post-apocalyptic",,,,,,
"The Postman","David Brin","978-0-356-50175-8","Orbit",2013,1985,,,"Post-apocalyptic",,,,,,
"Earth Abides","George R. Stewart","978-0-358-38021-4","Mariner Books",2020,1949,,,"Post-apocalyptic",,,,,,
"High-Rise","J.G. Ballard","978-0-586-04456-8","Fourth Estate",2014,1975,,,,,"Neuer Einband",,,,
"The Drowned World","J.G. Ballard","978-0-00-722183-7","Fourth Estate",2014,1962,,,,,,,,,
"Cocaine Nights","J.G. Ballard","978-0-00-655064-8","Harper Perennial",2006,1996,,,,,,,,,
"Empire of the Sun","J.G. Ballard","0-586-06430-3","Panther Books (Granada)",,1984,,,,,,,,,
"The Wind from Nowhere","J.G. Ballard",,"Penguin Books",1974,1962,,,,,,,,,
"Babel, or the Necessity of Violence","R.F. Kuang","978-0-00-850181-5","Harper Voyager",2022,2022,,,,,,,,,
"The Talented Mr Ripley","Patricia Highsmith","0-14-004020-x","Penguin Books",1987,1955,,,,,,,,,
"Give a Boy a Gun","Todd Strasser","0-689-84893-5","Simon Pulse",2002,2000,,,,,,,,,
"The Catcher in the Rye","J.D. Salinger","978-0-241-95042-5","Penguin Books",2010,1945,,,,,,,,,
"Tailchaser’s Song","Tad Williams","0-88677-953-7","DAW Books",2000,1985,,,,,,,,,
"My Inventions","Nikola Tesla","0-76070-085-0","Barnes & Noble",1995,1919,,,,,,,,,
"The Andromeda Strain","Michael Crichton",,"Corgi Books",1971,1969,,,,,,,,,
"Cryptonomicon","Neal Stephenson","978-0-06-051280-4","Avon Books",2002,1999,,,"Speculative fiction",,,,,,
"Seveneves","Neal Stephenson","978-0-00-813254-5","The Borough Press",2016,2015,,,"Science Fiction",,,,,,
"Under the Dome","Stephen King","978-0-340-99258-6","Hodder",2010,2009,,,"Science Fiction",,,,,,
"Windhaven","Gerorge R. R. Martin; Lisa Tuttle","978-0-553-57790-7","Bantam Spectra",2003,1981,,,,,,,,,
"Moby Dick, or the White Whale","Herman Melville",,"Collins",1953,1851,,,,,,,,,
"Strange Case of Dr. Jekyll and Mr. Hyde and other Stories","Robert Louis Stevenson","3-89508-079-9","Könemann",1995,1886,,,,,,,,,
"The Picture of Dorian Gray","Oscar Wilde","0-89966-654-x","Buccaneer Books",1976,1891,,,,,,,,,
"Frankenstein or, The Modern Prometheus","Mary Shelley","978-0-141-39339-1","Penguin Classics",2013,1818,,,,,,,,,
"To Kill a Mockingbird","Harper Lee","978-0-06-093546-7","Harper Perennial",2002,1960,,,,,,,,,
"One Flew Over the Cuckoo’s Nest","Ken Kesey","978-0-141-18788-4","Penguin Classics",2005,1962,,,,,,,,,
"The Scarlet Letter","Nathaniel Hawthorne","978-0-14-310766-8","Penguin Classics",2016,1850,,,,,,,,,
"A Psalm for the Wild-Built","Becky Chambers","978-1-250-23621-0","TOR",2021,2021,"Monk & Robot",1,"Solarpunk",,,,,,
"A Prayer for the Crown-Shy","Becky Chambers","978-1-250-23623-4","TOR",2022,2022,"Monk & Robot",2,"Solarpunk",,,,,,
"Howl’s Moving Castle","Diana Wynne Jones","978-0-06-147878-9","Greenwillow Books",2008,1986,,,,,,,,,
"The Memory Police","Yoko Ogawa (Stephen Snyder)","978-1-784-70044-7","Vintage",2020,"1994 (2019)",,,"Dystopia",,,,,,
"Fahrenheit 451","Ray Bradbury","978-1-4516-9031-6","Simon & Schuster Paperbacks",2012,1953,,,"Dystopia",,,,,,
"Brave New World","Aldous Huxley","978-0-099-47746-4","Vintage Classics",2007,1932,,,"Dystopia",,,,,,
"Make Room! Make Room!","Harry Harrison","978-0-241-50770-4","Penguin Classics",2021,1966,,,"Dystopia",,,,,,
"Do Anroids Dream of Electric Sheep?","Philip K. Dick","978-0-575-07993-9","Orion",2007,1968,,,"Dystopia",,,,,,
"It Can’t Happen Here","Sinclair Lewis","978-0-241-31066-3","Penguin Books",2017,1935,,,"Dystopia",,,,,,
"The Handmaid’s Tale","Margaret Atwood","978-0-385-49081-8","Anchor Books",1998,1985,,,"Dystopia",,,,,,
"The Testaments","Margaret Atwood","978-0-525-56262-7","Anchor Books",2020,2019,,,"Dystopia",,,,,,
"The Children of Men","P. D. James","978-0-571-23377-9","faber and faber",2006,1992,,,"Dystopia",,,,,,
"Slaughterhouse-Five","Kurt Vonnegut","978-0-440-18029-6","Dell Publishing",1991,1969,,,,,,,,,
"The Hitchhikers Guide to the Galaxy","Douglas Adams","0-330-25864-8","Pan Books",1979,1979,"Hitchhiker's Guide Trilogy",1,"Science Fiction",,,,,,
"The Restaurant at the End of the Universe ","Douglas Adams","0-330-26213-0","Pan Books",1980,1980,"Hitchhiker's Guide Trilogy",2,"Science Fiction",,,,,,
"Life, the Universe and Everything","Douglas Adams","0-330-26738-8","Pan Books",1982,1982,"Hitchhiker's Guide Trilogy",3,"Science Fiction",,,,,,
"So Long, and Thanks for All the Fish","Douglas Adams","0-330-28700-1","Pan Books",1985,1984,"Hitchhiker's Guide Trilogy",4,"Science Fiction",,,,,,
"Mostly Harmless","Douglas Adams","0-345-38650-7","Ballentine Books",1993,1992,"Hitchhiker's Guide Trilogy",5,"Science Fiction",,,,,,
"The Salmon of Doubt","Douglas Adams","0-330-32312-1","Pan Books",2003,,,,,,,,,,
"Consider Phlebas","Iain M. Banks","978-1-85723-138-0","Orbit",2012,1987,"Culture",1,"Science Fiction",,,,,,
"The Player of Games","Iain M. Banks","978-1-85723-146-5","Orbit",2013,1988,"Culture",2,"Science Fiction",,,,,,
"Use of Weapons","Iain M. Banks","978-1-85723-135-9","Orbit",2012,1990,"Culture",3,"Science Fiction",,,,,,
"The Hydrogen Sonata","Iain M. Banks","978-0-356-50149-9","Orbit",2013,2012,"Culture",10,"Science Fiction",,,,,,
"Out of the Silent Planet","C. S. Lewis","0-684-82380-2","Scribner",1996,,"Space Trilogy",1,"Science Fiction",,,,,,
"Perelandra","C. S. Lewis","0-684-82382-9","Scribner",1996,,"Space Trilogy",2,"Science Fiction",,,,,,
"That Hideous Strength","C. S. Lewis","0-684-82385-3","Scribner",1996,,"Space Trilogy",3,"Science Fiction",,,,,,
"2001: A Space Odyssey","Arthur C. Clarke","978-0-143111573","Penguin Books",2016,,"Penguin Galaxy",,"Science Fiction",,,,,,
"Nineteen Eighty-Four","George Orwell","978-0-141-03614-4","Penguin Books",2008,1949,,,"Science Fiction",,,,,,
"Animal Farm","George Orwell","978-0-141-03613-7","Penguin Books",2008,1945,,,,,,,,,
"Why I Write","George Orwell","978-0-14-101900-0","Penguin Books",2004,1946,,,,,,,,,
"Down and Out in Paris and London","George Orwell","978-0-141-18438-8","Penguin Books",2001,1933,,,,,,,,,
"Burmese Days","George Orwell","978-0-141-18537-8","Penguin Books",2009,1934,,,,,,,,,
"Alice’s Adventure in Wonderland","Lewis Carroll","978-1-4472-7999-0","Macmillan",2015,1865,,,,,,,,,
"Through the Looking-Glass and What Alice Found There","Lewis Carroll","978-1-4472-8000-2","Macmillan",2015,1871,,,,,,,,,
"Lord of the Flies","William Golding","978-0-14-312429-0","Penguin Books",2013,1954,,,,,,,,,
"The Time Machine","H. G. Wells","978-0-553-21351-5","Bantam Classics",2003,1895,,,"Science Fiction",,,,,,
"The First Men in the Moon","H. G. Wells",,"Dell Publishing",1967,1900,,,"Science Fiction",,,,,,
"The War of the Worlds","H. G. Wells","0-330-24332-2","Pan Books",1975,1898,,,"Science Fiction",,,,,,
"Citizen of the Galaxy","Robert A. Heinlein","0-345-34244-5","Del Rey",1991,1957,,,"Science Fiction",,,,,,
"A Tale of a Tub and other Satires","Jonathan Swift","460-00347-x","J. M. Dent & Sons Ltd.",1968,,,,,,,,,,
"Gulliver’s Travels","Jonathan Swift",,"Macmillan",1922,,,,,,,,,,
"The Mysterious Affair at Styles","Agatha Christie","978-0-00-711927-1","Harper Collins",2007,1920,"Hercule Poirot",1,,,,,,,
"Poirot Investigates","Agatha Christie","978-0-06-207400-3","Harper Collins",2011,1924,"Hercule Poirot",3,,,,,,,
"The Big Four","Agatha Christie","978-0-00-712081-9","Harper Collins",2002,1927,"Hercule Poirot",5,,,,,,,
"The Mystery of the Blue Train","Agatha Christie","978-0-00-712076-5","Harper Collins",2001,1928,"Hercule Poirot",6,,,,,,,
"Black Coffee (Novelization by Charles Osborne)","Agatha Christie","978-0-00-651137-3","Harper Collins",2002,1998,"Hercule Poirot",7,,,,,,,
"Lord Edgware Dies","Agatha Christie","978-0-00-712074-1","Harper Collins",2007,1933,"Hercule Poirot",9,,,,,,,
"Murder on the Orient Express","Agatha Christie","978-0-00-711931-8","Harper Collins",2007,1934,"Hercule Poirot",10,,,,,,,
"The A.B.C. Murders","Agatha Christie","978-0-00-711929-5","Harper Collins",2007,1936,"Hercule Poirot",13,,,,,,,
"Murder in Mesopotamia","Agatha Christie","978-0-00-711380-4","Harper Collins",2001,1936,"Hercule Poirot",14,,,,,,,
"Cards on the Table","Agatha Christie","978-0-00-711934-9","Harper Collins",2001,1936,"Hercule Poirot",15,,,,,,,
"Murder in the Mews","Agatha Christie","978-0-00-712088-8","Harper Collins",2002,1937,"Hercule Poirot",16,,,,,,,
"Death on the Nile","Agatha Christie","978-0-00-711932-5","Harper Collins",2001,1937,"Hercule Poirot",18,,,,,,,
"Appointment with Death","Agatha Christie","978-0-00-711935-6","Harper Collins",2001,1938,"Hercule Poirot",19,,,,,,,
"Hercule Poirot's Christmas","Agatha Christie","978-0-00-712069-7","Harper Collins",2001,1938,"Hercule Poirot",20,,,,,,,
"The Grapes of Wrath; The Moon is Down; Cannery Row; East of Eden; Of Mice and Men","John Steinbeck",,"Book Club Associates",1986,"1939; 1942; 1945; 1952; 1937",,,,,,,,,
"The Great Gatsby","F. Scott Fitzgerald","978-1-907360-75-6","CRW Publishing Limited",2012,1925,,,,,,,,,
"Oliver Twist","Charles Dickens",,"T. Nelson & Sons Ltd.",1912,,"Nelson’s Library",11,,,,,,,
"Paradise Lost and Paradise Regained (Poetical Works)","John Milton",,"Bernhard Tauchnitz",1850,,,,,,,,,,
"Robinson Crusoe","Daniel De Foe",,"George Routledge and Sons, Limited",,,,,,,,,,,
"The Adventures of Tom Sawyer and The Adventures of Huckleberry Finn","Mark Twain",,"Platt & Munk, Publishers",1960,,,,,,,,,,
"The Complete Works of William Shakespeare","William Shakespeare",,"The Gawthorn Press Ltd., The Bruce Publishing Co., Ltd.",,,,,,,,,,,
"The Complete Sherlock Holmes","Arthur Conan Doyle","1-904633-95-1","CRW Publishing Limited",2005,,,,,,,,,,
"Krabat","Otfried Preußler","3-88155-001-1","Georg Popp",1976,,,,,,,,,,
"Jim Knopf und Lukas der Lokomotivführer","Michael Ende","3-522-14980-7","Thienemann Verlag",,,,,,,,,,,
"Jim Knopf und die Wilde 13","Michael Ende","3-552-14990-4","Thienemann Verlag",,,,,,,,,,,
"Der satanarchäolügenialkohöllische Wunschpunsch","Michael Ende","3-552-16610-8","Thienemann Verlag",,,,,,,,,,,
"Der Räuber Hotzenplotz","Otfried Preußler","3-552-10590-7","Thienemann Verlag",,,,,,,,,,,
"Herr der Diebe","Cornelia Funke","3-7915-0457-6","Cecilie Dressler Verlag",2004,,,,,,,,,,
"Steuermann Ready","Käp’ten Frederick Marryat",,"Verlag Karl Müller",,,,,,,,,,,
"Emil und die Detektive","Erich Kästner",,"Cecilie Dressler Verlag",,,,,,,,,,,
"Die Reise zum Mittelpunkt der Erde","Jules Verne",,"Vier Falken Verlag",1959,,,,"Science Fiction",,,,,,
"In 80 Tagen um die Welt","Jules Verne",,"C. Bertelsmann Verlag",1957,,,,"Science Fiction",,,,,,
"Reise zum Mond und zur Sonne","Savinien Cyrano de Bergerac","3-8218-0732-6","Eichborn",2005,,,,,,,,,,
"Die Aufzeichnungen des Malte Laurids Brigge","Rainer Maria Rilke",,"Insel Verlag",1973,,,,,,,,,,
"Corpus Delicti","Juli Zeh","978-3-442-74066-6","btb Verlag",2010,,,,,,,,,,
"Der Abenteuerliche Simplicissimus","Hans Jakob Christoffel von Grimmelshausen",,"Patmos Verlag",2000,,,,,,,,,,
"Doktor Faustus","Thomas Mann","978-3-596-29428-2","Fischer Taschenbuch Verlag",2013,,,,,,,,,,
"Der Untertan","Heinrich Mann",,"Aufbau-Verlag",1951,,,,,,,,,,
"Die Physiker","Friedrich Dürrenmatt","978-3-257-23047-5","Diogenes",,,,,,,,,,," "
"Der Richter und sein Henker","Friedrich Dürrenmatt","978-3-257-22535-8","Diogenes",,,,,,,,,,,
"Im Westen nichts Neues","Erich Maria Remarque","3-7632-3081-5","Verlag Kiepenheuer & Witsch",1985,,,,,,,,,,
"Die göttliche Komödie","Dante Alighieri","3-8289-7925-4","Weltbild",2005,,,,,,,,,,
"Die Drei Musketiere","Alexander Dumas",,"Uhlenhorst-Verlag",1929,,,,,,,,,,
"Nachtasyl","Maxim Gorky",,"Dr. J. Marchlewski & Co.",1903,,,,,,,,,,
"Das Kapital","Karl Marx","978-3-86647-325-6","Anaconda Verlag",2009,,,,,,,,,,
"Deutsche Meistererzählungen des 19. Jahrhunderts I","Johann Wolfgang von Goethe; Heinrich von Kleist; Joseph Freiherr von Eichendorf; Jeremias Gotthelf; Franz Grillparzer; Gottfried Keller",,"Neues Leben",1966,,,,,,,,,,
"Deutsche Meistererzählungen des 19. Jahrhunderts II","Otto Ludowig; Eduard Mörike; Theodor Storm",,"Neues Leben",1966,,,,,,,,,,
"Heines Werke, Erster Band (Gedichte)","Heinrich Heine",,"Aufbau-Verlag",1976,,"Heines Werke in fünf Bänden",1,,,,,,,
"Heines Werke, Zweiter Band","Heinrich Heine",,"Aufbau-Verlag",1976,,"Heines Werke in fünf Bänden",2,,,,,,,
"Heines Werke, Dritter Band","Heinrich Heine",,"Aufbau-Verlag",1976,,"Heines Werke in fünf Bänden",3,,,,,,,
"Heines Werke, Vierter Band","Heinrich Heine",,"Aufbau-Verlag",1976,,"Heines Werke in fünf Bänden",4,,,,,,,
"Heines Werke, Fünfter Band","Heinrich Heine",,"Aufbau-Verlag",1976,,"Heines Werke in fünf Bänden",5,,,,,,,
"Goethes Werke, Band 1-2","Johann Wolfgang von Goethe",,"Standard-Verlag",,,"Goethes Werke Standard-Klassiker-Ausgabe in zwölf Doppelbänden",1,,,,,,,
"Goethes Werke, Band 3-4","Johann Wolfgang von Goethe",,"Standard-Verlag",,,"Goethes Werke Standard-Klassiker-Ausgabe in zwölf Doppelbänden",2,,,,,,,
"Goethes Werke, Band 5-6","Johann Wolfgang von Goethe",,"Standard-Verlag",,,"Goethes Werke Standard-Klassiker-Ausgabe in zwölf Doppelbänden",3,,,,,,,
"Goethes Werke, Band 7-8","Johann Wolfgang von Goethe",,"Standard-Verlag",,,"Goethes Werke Standard-Klassiker-Ausgabe in zwölf Doppelbänden",4,,,,,,,
"Goethes Werke, Band 9-10","Johann Wolfgang von Goethe",,"Standard-Verlag",,,"Goethes Werke Standard-Klassiker-Ausgabe in zwölf Doppelbänden",5,,,,,,,
"Goethes Werke, Band 11-12","Johann Wolfgang von Goethe",,"Standard-Verlag",,,"Goethes Werke Standard-Klassiker-Ausgabe in zwölf Doppelbänden",6,,,,,,,
"Goethes Werke, Band 13-14","Johann Wolfgang von Goethe",,"Standard-Verlag",,,"Goethes Werke Standard-Klassiker-Ausgabe in zwölf Doppelbänden",7,,,,,,,
"Goethes Werke, Band 15-16","Johann Wolfgang von Goethe",,"Standard-Verlag",,,"Goethes Werke Standard-Klassiker-Ausgabe in zwölf Doppelbänden",8,,,,,,,
"Goethes Werke, Band 17-18","Johann Wolfgang von Goethe",,"Standard-Verlag",,,"Goethes Werke Standard-Klassiker-Ausgabe in zwölf Doppelbänden",9,,,,,,,
"Goethes Werke, Band 19-20","Johann Wolfgang von Goethe",,"Standard-Verlag",,,"Goethes Werke Standard-Klassiker-Ausgabe in zwölf Doppelbänden",10,,,,,,,
"Goethes Werke, Band 21-22","Johann Wolfgang von Goethe",,"Standard-Verlag",,,"Goethes Werke Standard-Klassiker-Ausgabe in zwölf Doppelbänden",11,,,,,,,
"Goethes Werke, Band 23-24","Johann Wolfgang von Goethe",,"Standard-Verlag",,,"Goethes Werke Standard-Klassiker-Ausgabe in zwölf Doppelbänden",12,,,,,,,
"Schillers Werke, Band 1 (Gedichte)","Friedrich Schiller",,"Standard-Verlag",,,"Schillers Werke Standard-Klassiker-Ausgabe in zehn Bänden",1,,,,,,,
"Schillers Werke, Band 2 (Jugenddramen 1)","Friedrich Schiller",,"Standard-Verlag",,,"Schillers Werke Standard-Klassiker-Ausgabe in zehn Bänden",2,,,,,,,
"Schillers Werke, Band 3 (Jugenddramen 2)","Friedrich Schiller",,"Standard-Verlag",,,"Schillers Werke Standard-Klassiker-Ausgabe in zehn Bänden",3,,,,,,,
"Schillers Werke, Band 4 (Klassische Dramen 1)","Friedrich Schiller",,"Standard-Verlag",,,"Schillers Werke Standard-Klassiker-Ausgabe in zehn Bänden",4,,,,,,,
"Schillers Werke, Band 5 (Klassische Dramen 2)","Friedrich Schiller",,"Standard-Verlag",,,"Schillers Werke Standard-Klassiker-Ausgabe in zehn Bänden",5,,,,,,,
"Schillers Werke, Band 6 (Klassische Dramen 3)","Friedrich Schiller",,"Standard-Verlag",,,"Schillers Werke Standard-Klassiker-Ausgabe in zehn Bänden",6,,,,,,,
"Schillers Werke, Band 7 (Historische Schriften 1)","Friedrich Schiller",,"Standard-Verlag",,,"Schillers Werke Standard-Klassiker-Ausgabe in zehn Bänden",7,,,,,,,
"Schillers Werke, Band 8 (Historische Schriften 2)","Friedrich Schiller",,"Standard-Verlag",,,"Schillers Werke Standard-Klassiker-Ausgabe in zehn Bänden",8,,,,,,,
"Schillers Werke, Band 9 (Philosoph. Scriften)","Friedrich Schiller",,"Standard-Verlag",,,"Schillers Werke Standard-Klassiker-Ausgabe in zehn Bänden",9,,,,,,,
"Schillers Werke, Band 10 (Lebensdokumente)","Friedrich Schiller",,"Standard-Verlag",,,"Schillers Werke Standard-Klassiker-Ausgabe in zehn Bänden",10,,,,,,,
"Theodor Storm: Sämtliche Werke, Band 1; Gedichte, Märchen und Spukgeschichten, Novellen","Theodor Storm",,"Aufbau-Verlag",1972,,"Theodor Storm: Sämtliche Werke in vier Bänden",1,,,,,,,
"Theodor Storm: Sämtliche Werke, Band 2; Novellen","Theodor Storm",,"Aufbau-Verlag",1972,,"Theodor Storm: Sämtliche Werke in vier Bänden",2,,,,,,,
"Theodor Storm: Sämtliche Werke, Band 3; Novellen","Theodor Storm",,"Aufbau-Verlag",1972,,"Theodor Storm: Sämtliche Werke in vier Bänden",3,,,,,,,
"Theodor Storm: Sämtliche Werke, Band 4; Novellen, Kleine Prosa","Theodor Storm",,"Aufbau-Verlag",1972,,"Theodor Storm: Sämtliche Werke in vier Bänden",4,,,,,,,
"Der Schimmelreiter und andere Novellen","Theodor Storm",,"Verlag Otto Janke",1937,,,,,,,,,,
"Das Frühwerk","Albert Camus",,"Karl Rauch Verlag",1967,,,,,,,,,,
"Das Tagebuch der Anne Frank","Anne Frank; Anneliese Schütz",,"Bertelsmann",1985,,,,,,,,,,
"Narrheiten und Wahrheiten","Wilhelm Busch",,"Büchergilde Gutenberg",1959,,,,,,,,,,
"Späße und Weisheiten","Wilhelm Busch",,"Büchergilde Gutenberg",1959,,,,,,,,,,
"Die Mär von Ulenspiegel und Lamme Goedzak und ihren heroischen, ergötzlichen und rühmlichen Abenteuern in Flandern und anderen Landen","Charles De Coster",,"Deutsche Buch-Gemeinschaft",1956,,,,,,,,,,
"Götter Gräber und Gelehrte","C.W. Ceram",,"Deutsche Buch-Gemeinschaft",,1949,,,,,,,,,
"Lexikon der Götter und Dämonen","Manfred Lurker","3-520-46302-4","Alfred Kröner Verlag",1989,,,,"Märchen & Sagen",,,,,,
"Deutsche Götter- und Heldensagen","Dr. J. H. Albers",,"R. Voigtländers Verlag ",,,,,"Märchen & Sagen",,,,,,
"Holy Bible (King James)",,"978-0-8340-0346-0","National Publishing Company",1978,,,,"Märchen & Sagen",,,,,,
"Die Bibel",,"3-451-28000-0","Herder",,,,,"Märchen & Sagen",,,,,,
"Tausend und eine Nacht Band 1 & 2","Dr. Gustav Weil","3-86070-308-0","Karl Müller Verlag",1996,,,,"Märchen & Sagen",,,,,,
"Tausend und eine Nacht Band 2 & 3","Dr. Gustav Weil","3-86070-308-0","Karl Müller Verlag",1996,,,,"Märchen & Sagen",,,,,,
"Odyssee","Homer","978-3-86647-536-6","Anaconda Verlag",2010,,,,"Märchen & Sagen",,"Neuer Einband",,,,
"Kinder- und Hausmärchen","Brüder Grimm",,"Wissenschaftliche Buchgeselschaft Darmstadt",1977,,,,"Märchen & Sagen",,,,,,
"Märchen","Hans Christian Andersen",,"Droemer Knaur",1967,,,,"Märchen & Sagen",,,,,,
"The Epic of Gilgamesh","Andrew George","0-14-044721-0","Penguin Books",2000,,,,"Märchen & Sagen",,,,,,
"From Distant Days: Myths, Tales, and Poetry of Ancient Mesopotamia","Benjamin R. Foster","978-1-883053-09-9","CDL Press",1995,,,,"Märchen & Sagen",,,,,,
"Litauische Volksmärchen","Bronislava Kerbelyte",,"Akademie-Verlag Berlin",1978,,,,"Märchen & Sagen",,,,,,
"Russische Volksmärchen","Erna Pomeranzewa",,"Akademie-Verlag Berlin",1974,,,,"Märchen & Sagen",,,,,,
"Lettische Volksmärchen","Ojars Ambainis",,"Akademie-Verlag Berlin",1977,,,,"Märchen & Sagen",,,,,,
"Tschechische Volksmärchen","Jaromir Jech",,"Akademie-Verlag Berlin",1984,,,,"Märchen & Sagen",,,,,,
"Belorussische Volksmärchen","L.G. Barag",,"Akademie-Verlag Berlin",1976,,,,"Märchen & Sagen",,,,,,
"Ungarische Volksmärchen","Prof. Dr. Gyula Ortutay",,"Akademie-Verlag Berlin",1980,,,,"Märchen & Sagen",,,,,,
"Von der Antike bis zum Mittelalter","Edmond Rochedieu",,"Edito-Service",1972,,"Die Großen Religionen der Welt",1,"Fachbuch",,,,,,
"Der Buddhismus","Richard A. Gard",,"Edito-Service",1972,,"Die Großen Religionen der Welt",2,"Fachbuch",,,,,,
"Der Hinduismus","Louis Renou",,"Edito-Service",1972,,"Die Großen Religionen der Welt",3,"Fachbuch",,,,,,
"Der Islam","John Alden Williams",,"Edito-Service",1973,,"Die Großen Religionen der Welt",4,"Fachbuch",,,,,,
"Der Judaismus","Arthur Hertzberg",,"Edito-Service",1973,,"Die Großen Religionen der Welt",5,"Fachbuch",,,,,,
"Der Katholizismus","George Brantl",,"Edito-Service",1973,,"Die Großen Religionen der Welt",6,"Fachbuch",,,,,,
"Der Protestantismus","J. Leslie Dunstan",,"Edito-Service",1973,,"Die Großen Religionen der Welt",7,"Fachbuch",,,,,,
"Der Konfuzianismus","Albert Cavin",,"Edito-Service",1973,,"Die Großen Religionen der Welt",8,"Fachbuch",,,,,,
"Der Schintoismus","Edmond Rochedieu",,"Edito-Service",1973,,"Die Großen Religionen der Welt",9,"Fachbuch",,,,,,
"Die Orthodoxe Kirche","Bernard Sartorius",,"Edito-Service",1973,,"Die Großen Religionen der Welt",10,"Fachbuch",,,,,,
"Katechismus der Mineralogie","Dr. Eugen Hussak",,"J. J. Weber",1901,,,,"Fachbuch",,,,,,
"Das Schachspiel","Dr. Tarrasch",,"Deutsche Buch-Gemeinschaft",1931,,,,"Fachbuch",,,,,,
"Der Mensch (Band 1)","Prof. Dr. Johannes Ranke",,"Biblographisches Institut Leipzig",1894,,,,"Fachbuch",,,,,,
"Der Mensch (Band 2)","Prof. Dr. Johannes Ranke",,"Biblographisches Institut Leipzig",1894,,,,"Fachbuch",,,,,,
"Brehms Tierleben","Dr. Rudolf Barth",,"Zimmer & Herzog",1954,,,,"Fachbuch",,,,,,
"Naturheilkunde von A-Z","Helmut Löffler",,"Manfred Pawlak Verlagsgesellschaft",1980,,,,"Fachbuch",,,,,,
"Geschichte der Stadt Koblenz (Band 1)","Energieversorgung Mittelrhein GmbH (Hrsg.)","3-8062-0876-x","Konrad Theiss Verlag",1992,,,,"Fachbuch",,,,,,
"Geschichte der Stadt Koblenz (Band 2)","Energieversorgung Mittelrhein GmbH (Hrsg.)","3-8062-1036-5","Konrad Theiss Verlag",1993,,,,"Fachbuch",,,,,,
"Ägypten","Emil Nack",,"Verlag Carl Ueberreuter",1962,,,,"Fachbuch",,,,,,
"Hellas","Emil Nack; Wilhelm Wägner",,"Verlag Carl Ueberreuter",1966,,,,"Fachbuch",,,,,,
"Rom","Emil Nack; Wilhelm Wägner",,"Verlag Carl Ueberreuter",1966,,,,"Fachbuch",,,,,,
"Germanien","Emil Nack",,"Verlag Carl Ueberreuter",1958,,,,"Fachbuch",,,,,,
"Die Galeonen","Peter Kirsch","3-7637-5470-9","Bernard & Graefe Verlag",1988,,,,"Fachbuch",,,,,,
"Die Tracht der Kulturvölker Europas","A. von Heyden","3-8262-0800-5","Reprint Verlag Leipzig",,,,,"Fachbuch",,,,,,
"Meilensteine der Geschichte, vom Pharaonenstaat zur Mondlandung","S. George Frederick Brandon; Friedrich Heer; Neville Williams; Christopher Hibbert; Alan Palmer; Hugh ThomasHrsg.",,,,,,,"Fachbuch",,,,,,
"Leitfaden der Kunstgeschichte","Dr. Ernst Wickenhagen",,"Paul Neff Verlag",1922,,,,"Fachbuch",,,,,,
"The C++ Programming Language (Fourth Edition)","Bjarne Stroustrup","978-0-321-56384-2","Addison-Wesley",2014,,,,"Fachbuch","Informatik",,,,,
"Programming Principles and Practice Using C++ (Second Edition)","Bjarne Stroustrup","978-0-321-99278-9","Addison-Wesley",2014,,,,"Fachbuch","Informatik",,,,,
"Game Coding Complete (Fourth Edition)","Mike Shaffry; David Graham","978-1-133-77657-4","Course Technology PTR",2013,,,,"Fachbuch","Informatik",,,,,
"Game Programming Patterns","Robert Nystrom","978-0-9905829-0-8","Genever Benning",2014,,,,"Fachbuch","Informatik",,,,,
"OpenGL Programming Guide (Eighth Edition)","Dave Shreiner; Graham Sellers; John Kessenich; Bill Licea-Kane","978-0-321-77303-6","Addison-Wesley",2015,,,,"Fachbuch","Informatik",,,,,
"The Black Art of Multiplatform Game Programming","Jazon Yamamoto","978-1-305-11038-0","Cengage Learning PTR",2015,,,,"Fachbuch","Informatik",,,,,
"Code ","Charles Petzold","978-0-7356-1131-3","Microsoft Press",2015,,,,"Fachbuch","Informatik",,,,,
"Hacker’s Delight (Second Edition)","Henry S. Warren, Jr.","978-0-321-84268-8","Addison-Wesley",2013,,,,"Fachbuch","Informatik",,,,,
"Writing an Interpreter in Go (Version 1.3)","Thorsten Ball","978-3000558085","Amazon",2017,,,,"Fachbuch","Informatik",,,,,
"Writing a Compiler in Go (Version 1.2)","Thorsten Ball","978-3982016108","Amazon",2019,,,,"Fachbuch","Informatik",,,,,
"Data-Oriented Design","Richard Fabian","978-1-9164787-0-1","Amazon",2018,,,,"Fachbuch","Informatik",,,,,
"Hypermedia Systems","Carson Gross; Adam Stepinski; Deniz Aksimsek","979-8394025143","Amazon",2023,,,,"Fachbuch","Informatik",,,,,
"The Art of Computer Programming: Volume 1 – Fundamental Algorithms (Third Edition)","Donald E. Knuth","978-0-201-89683-1","Addison-Wesley",2013,,,,"Fachbuch","Informatik",,,,,
"The Art of Computer Programming: Volume 2 – Seminumerical Algorithms (Third Edition)","Donald E. Knuth","978-0-201-89684-8","Addison-Wesley",2013,,,,"Fachbuch","Informatik",,,,,
"The Art of Computer Programming: Volume 3 – Sorting and Searching (Second Edition)","Donald E. Knuth","978-0-201-89685-5","Addison-Wesley",2013,,,,"Fachbuch","Informatik",,,,,
"The Art of Computer Programming: Volume 4A – Combinatorial Algorithms, Part 1","Donald E. Knuth","978-0-201-03804-0","Addison-Wesley",2013,,,,"Fachbuch","Informatik",,,,,
"Deep Learning","Ian Goodfellow; Yoshua Bengio; Aaron Courville",,"Selbst gebunden",,,,,"Fachbuch","Informatik",,,,,
"Make your own Neural Network","Tariq Rashid","978-1530826605","Amazon",,,,,"Fachbuch","Informatik",,,,,
"Datenbanken & SQL für Einsteiger","Marco Emrich","978-1492951049","Amazon",2013,,,,"Fachbuch","Informatik",,,,,
"HTML & CSS","Jon Duckett","978-1-118-00818-8","Wiley",2011,,,,"Fachbuch","Informatik",,,,,
"Javascript & jQuery","Jon Duckett","978-1-118-53164-8","Wiley",2014,,,,"Fachbuch","Informatik",,,,,
"KI 2024: Advances in Artificial Intelligence ","Editors: Andreas Hotho; Sebastian Rudolph","978-3-031-70892-3","Springer Nature",2024,,"Lecture Notes in Computer Science",,"Fachbuch","Informatik","https://doi.org/10.1007/978-3-031-70893-0",,,,
"How Computers Work (Tenth Edition)","Ron White","978-0-7897-4984-0","Que Publishing",2015,,,,"Fachbuch","Informatik",,,,,
"Heimcomputer-Bastelkiste","Gerhard A. Karl","3-8068-4309-0","Falken Verlag",1986,,,,"Fachbuch","Informatik",,,,,
"Computer-Netzwerke (2., aktualisierte und erweiterte Auflage)","Harald Zisler","978-3-8362-2007-1","Galileo Press",2013,,,,"Fachbuch","Informatik",,,,,
"Repetitorium der Dynamik 1. Teil: Dynamik des Massenpunktes","R. Demmig",,"R. Demmig’s Verlag",1941,,,,"Fachbuch","Mathematik",,,,,
"Repetitorium der Dynamik 2. Teil: Dynamik des Massenkörpers","R. Demmig",,"R. Demmig’s Verlag",1941,,,,"Fachbuch","Mathematik",,,,,
"Repetitorium der Mechanik 1. Teil: Statik starrer Körper","R. Demmig",,"R. Demmig’s Verlag",1941,,,,"Fachbuch","Mathematik",,,,,
"Repetitorium der Mechanik 2. Teil: Festigkeitslehre","R. Demmig",,"R. Demmig’s Verlag",1931,,,,"Fachbuch","Mathematik",,,,,
"Vierstellige Tafeln der Kreis- und Hyperbelfunktionen, sowie ihrer Umkehrfunktionen im Komplexen","Robert Hawelka",,,1931,,,,"Fachbuch","Mathematik",,,,,
"Lehrbuch der höheren Mathematik I: Vektorrechnung und analytische Geometrie","Prof. Dr. Gerhard Kowalewski",,"Walter de Gruyter & Co.",1933,,,,"Fachbuch","Mathematik",,,,,
"Lehrbuch der höheren Mathematik II: Hauptpunkte der analytischen Geometrie des Raumes Grundbegriffe der Differential- und Integralrechnung","Prof. Dr. Gerhard Kowalewski",,"Walter de Gruyter & Co.",1933,,,,"Fachbuch","Mathematik",,,,,
"Lehrbuch der höheren Mathematik III: Fortsetzung der Differential- und Integralrechnung. Differentialgleichungen. Differentialgeometrie. Funktionen einer komplexen Veränderlichen. Probleme der Variationsrechnung","Prof. Dr. Gerhard Kowalewski",,"Walter de Gruyter & Co.",1933,,,,"Fachbuch","Mathematik",,,,,
"Höhere Mathematik für den Praktiker","H. A. Lorentz; Prof. Dr. G. Joos; Prof. Dr. Th. Kaluza",,"Johann Ambrosius Barth",1938,,,,"Fachbuch","Mathematik",,,,,
"Theorie und Anwendung der Funktionen einer komplexen Veränderlichen","Josef Heinhold",,"Leibniz Verlag",1949,,,,"Fachbuch","Mathematik",,,,,
"Höhere Mathematik II: Lineare Algebra, analytische Geometrie und Grundbegriffe der Differentialgeometrie","Prof. Dr. Claus Müller",,"Kommisionsverlag Augustinus-Buchhandlung",1969,,,,"Fachbuch","Mathematik",,,,,
"Höhere Mathematik III Teil A: Differentialgleichungen","Prof. Dr. Claus Müller",,"Kommisionsverlag Augustinus-Buchhandlung",1969,,,,"Fachbuch","Mathematik",,,,,
"Höhere Mathematik III Teil B: Zweidimensionale Vektoranalysis","Prof. Dr. Claus Müller",,"Kommisionsverlag Augustinus-Buchhandlung",1971,,,,"Fachbuch","Mathematik",,,,,
"Höhere Mathematik IV: Elemente der Funktionentheorie, Konforme Abbildungen, Partielle Differentialgleichungen","Prof. Dr. Claus Müller",,"Kommisionsverlag Augustinus-Buchhandlung",1968,,,,"Fachbuch","Mathematik",,,,,
"Formeln und Sätze zur Höheren Mathematik Teil II","Prof. Dr. Claus Müller",,"Kommisionsverlag Augustinus-Buchhandlung",1971,,,,"Fachbuch","Mathematik",,,,,
"Fachkunde für Maschinenschlosser und die verwandten Berufe","Paul Voigt; Dr.-Ing. August Linek",,"Fachbuchverlag",1953,,,,"Fachbuch",,,,,,
"One Piece Band 1","Eiichiro Oda",,,,,"One Piece",1,"Manga",,,,,,
"One Piece Band 2","Eiichiro Oda",,,,,"One Piece",2,"Manga",,,,,,
"One Piece Band 3","Eiichiro Oda",,,,,"One Piece",3,"Manga",,,,,,
"One Piece Band 4","Eiichiro Oda",,,,,"One Piece",4,"Manga",,,,,,
"One Piece Band 5","Eiichiro Oda",,,,,"One Piece",5,"Manga",,,,,,
"One Piece Band 6","Eiichiro Oda",,,,,"One Piece",6,"Manga",,,,,,
"One Piece Band 7","Eiichiro Oda",,,,,"One Piece",7,"Manga",,,,,,
"One Piece Band 8","Eiichiro Oda",,,,,"One Piece",8,"Manga",,,,,,
"One Piece Band 9","Eiichiro Oda",,,,,"One Piece",9,"Manga",,,,,,
"One Piece Band 10","Eiichiro Oda",,,,,"One Piece",10,"Manga",,,,,,
"One Piece Band 11","Eiichiro Oda",,,,,"One Piece",11,"Manga",,,,,,
"One Piece Band 12","Eiichiro Oda",,,,,"One Piece",12,"Manga",,,,,,
"One Piece Band 13","Eiichiro Oda",,,,,"One Piece",13,"Manga",,,,,,
"One Piece Band 14","Eiichiro Oda",,,,,"One Piece",14,"Manga",,,,,,
"One Piece Band 15","Eiichiro Oda",,,,,"One Piece",15,"Manga",,,,,,
"One Piece Band 16","Eiichiro Oda",,,,,"One Piece",16,"Manga",,,,,,
"One Piece Band 17","Eiichiro Oda",,,,,"One Piece",17,"Manga",,,,,,
"One Piece Band 18","Eiichiro Oda",,,,,"One Piece",18,"Manga",,,,,,
"One Piece Band 19","Eiichiro Oda",,,,,"One Piece",19,"Manga",,,,,,
"One Piece Band 20","Eiichiro Oda",,,,,"One Piece",20,"Manga",,,,,,
"One Piece Band 21","Eiichiro Oda",,,,,"One Piece",21,"Manga",,,,,,
"One Piece Band 22","Eiichiro Oda",,,,,"One Piece",22,"Manga",,,,,,
"One Piece Band 23","Eiichiro Oda",,,,,"One Piece",23,"Manga",,,,,,
"One Piece Band 24","Eiichiro Oda",,,,,"One Piece",24,"Manga",,,,,,
"One Piece Band 25","Eiichiro Oda",,,,,"One Piece",25,"Manga",,,,,,
"One Piece Band 26","Eiichiro Oda",,,,,"One Piece",26,"Manga",,,,,,
"One Piece Band 27","Eiichiro Oda",,,,,"One Piece",27,"Manga",,,,,,
"One Piece Band 28","Eiichiro Oda",,,,,"One Piece",28,"Manga",,,,,,
"One Piece Band 29","Eiichiro Oda",,,,,"One Piece",29,"Manga",,,,,,
"One Piece Band 30","Eiichiro Oda",,,,,"One Piece",30,"Manga",,,,,,
"One Piece Band 31","Eiichiro Oda",,,,,"One Piece",31,"Manga",,,,,,
"One Piece Band 32","Eiichiro Oda",,,,,"One Piece",32,"Manga",,,,,,
"One Piece Band 33","Eiichiro Oda",,,,,"One Piece",33,"Manga",,,,,,
"One Piece Band 34","Eiichiro Oda",,,,,"One Piece",34,"Manga",,,,,,
"One Piece Band 35","Eiichiro Oda",,,,,"One Piece",35,"Manga",,,,,,
"One Piece Band 36","Eiichiro Oda",,,,,"One Piece",36,"Manga",,,,,,
"One Piece Band 37","Eiichiro Oda",,,,,"One Piece",37,"Manga",,,,,,
"One Piece Band 38","Eiichiro Oda",,,,,"One Piece",38,"Manga",,,,,,
"One Piece Band 39","Eiichiro Oda",,,,,"One Piece",39,"Manga",,,,,,
"One Piece Band 40","Eiichiro Oda",,,,,"One Piece",40,"Manga",,,,,,
"One Piece Band 41","Eiichiro Oda",,,,,"One Piece",41,"Manga",,,,,,
"One Piece Band 42","Eiichiro Oda",,,,,"One Piece",42,"Manga",,,,,,
"One Piece Band 43","Eiichiro Oda",,,,,"One Piece",43,"Manga",,,,,,
"One Piece Band 44","Eiichiro Oda",,,,,"One Piece",44,"Manga",,,,,,
"One Piece Band 45","Eiichiro Oda",,,,,"One Piece",45,"Manga",,,,,,
"One Piece Band 46","Eiichiro Oda",,,,,"One Piece",46,"Manga",,,,,,
"One Piece Band 47","Eiichiro Oda",,,,,"One Piece",47,"Manga",,,,,,
"One Piece Band 48","Eiichiro Oda",,,,,"One Piece",48,"Manga",,,,,,
"One Piece Band 49","Eiichiro Oda",,,,,"One Piece",49,"Manga",,,,,,
"One Piece Band 50","Eiichiro Oda",,,,,"One Piece",50,"Manga",,,,,,
"One Piece Band 51","Eiichiro Oda",,,,,"One Piece",51,"Manga",,,,,,
"One Piece Band 52","Eiichiro Oda",,,,,"One Piece",52,"Manga",,,,,,
"One Piece Band 53","Eiichiro Oda",,,,,"One Piece",53,"Manga",,,,,,
"One Piece Band 54","Eiichiro Oda",,,,,"One Piece",54,"Manga",,,,,,
"One Piece Band 55","Eiichiro Oda",,,,,"One Piece",55,"Manga",,,,,,
"One Piece Band 56","Eiichiro Oda",,,,,"One Piece",56,"Manga",,,,,,
"One Piece Band 57","Eiichiro Oda",,,,,"One Piece",57,"Manga",,,,,,
"One Piece Band 58","Eiichiro Oda",,,,,"One Piece",58,"Manga",,,,,,
"One Piece Band 59","Eiichiro Oda",,,,,"One Piece",59,"Manga",,,,,,
"One Piece Band 60","Eiichiro Oda",,,,,"One Piece",60,"Manga",,,,,,
"One Piece Band 61","Eiichiro Oda",,,,,"One Piece",61,"Manga",,,,,,
"One Piece Band 62","Eiichiro Oda",,,,,"One Piece",62,"Manga",,,,,,
"One Piece Band 63","Eiichiro Oda",,,,,"One Piece",63,"Manga",,,,,,
"One Piece Band 64","Eiichiro Oda",,,,,"One Piece",64,"Manga",,,,,,
"One Piece Band 65","Eiichiro Oda",,,,,"One Piece",65,"Manga",,,,,,
"One Piece Band 66","Eiichiro Oda",,,,,"One Piece",66,"Manga",,,,,,
"One Piece Band 67","Eiichiro Oda",,,,,"One Piece",67,"Manga",,,,,,
"One Piece Band 68","Eiichiro Oda",,,,,"One Piece",68,"Manga",,,,,,
"One Piece Band 69","Eiichiro Oda",,,,,"One Piece",69,"Manga",,,,,,
"One Piece Band 70","Eiichiro Oda",,,,,"One Piece",70,"Manga",,,,,,
"One Piece Band 71","Eiichiro Oda",,,,,"One Piece",71,"Manga",,,,,,
"One Piece Band 72","Eiichiro Oda",,,,,"One Piece",72,"Manga",,,,,,
"One Piece Band 73","Eiichiro Oda",,,,,"One Piece",73,"Manga",,,,,,
"One Piece Band 74","Eiichiro Oda",,,,,"One Piece",74,"Manga",,,,,,
"One Piece Band 75","Eiichiro Oda",,,,,"One Piece",75,"Manga",,,,,,
"One Piece Band 76","Eiichiro Oda",,,,,"One Piece",76,"Manga",,,,,,
"One Piece Band 77","Eiichiro Oda",,,,,"One Piece",77,"Manga",,,,,,
"One Piece Band 78","Eiichiro Oda",,,,,"One Piece",78,"Manga",,,,,,
"One Piece Band 79","Eiichiro Oda",,,,,"One Piece",79,"Manga",,,,,,
"One Piece: Blue","Eiichiro Oda","3-551-77436-6","Carlsen Comics",,,"One Piece","Extra","Manga",,,,,,
"One Piece: Red","Eiichiro Oda","978-3-551-76830-8","Carlsen Comics",,,"One Piece","Extra","Manga",,,,,,
"One Piece: Yellow","Eiichiro Oda","978-3-551-77658-7","Carlsen Manga",,,"One Piece","Extra","Manga",,,,,,
"Wanted","Eiichiro Oda","978-3-551-76146-0","Carlsen Manga",,,,,"Manga",,,,,,
"Shaman King Band 1","Hiroyuki Takei","978-3-551-76231-3","Carlsen Manga",,,"Shaman King",1,"Manga",,,,,,
"Shaman King Band 2","Hiroyuki Takei","978-3-551-76232-0","Carlsen Manga",,,"Shaman King",2,"Manga",,,,,,
"Shaman King Band 3","Hiroyuki Takei","978-3-551-76233-7","Carlsen Comics",,,"Shaman King",3,"Manga",,,,,,
"Shaman King Band 4","Hiroyuki Takei","3-551-76234-1","Carlsen Comics",,,"Shaman King",4,"Manga",,,,,,
"Shaman King Band 5","Hiroyuki Takei","978-3-551-76235-1","Carlsen Manga",,,"Shaman King",5,"Manga",,,,,,
"Shaman King Band 6","Hiroyuki Takei","978-3-551-76236-8","Carlsen Manga",,,"Shaman King",6,"Manga",,,,,,
"Shaman King Band 7","Hiroyuki Takei","978-3-551-76237-5","Carlsen Comics",,,"Shaman King",7,"Manga",,,,,,
"Attack on Titan Band 1","Hajime Isayama","978-3-551-74233-9","Carlsen Manga",,,"Attack on Titan",1,"Manga",,,,,,
"Attack on Titan Band 2","Hajime Isayama","978-3-551-74234-6","Carlsen Manga",,,"Attack on Titan",2,"Manga",,,,,,
"Attack on Titan Band 3","Hajime Isayama","978-3-551-74235-3","Carlsen Manga",,,"Attack on Titan",3,"Manga",,,,,,
"Attack on Titan Band 4","Hajime Isayama","978-3-551-74236-0","Carlsen Manga",,,"Attack on Titan",4,"Manga",,,,,,
"Attack on Titan Band 5","Hajime Isayama","978-3-551-74237-7","Carlsen Manga",,,"Attack on Titan",5,"Manga",,,,,,
"Attack on Titan Band 6","Hajime Isayama","978-3-551-74238-4","Carlsen Manga",,,"Attack on Titan",6,"Manga",,,,,,
"Attack on Titan Band 7","Hajime Isayama","978-3-551-74239-1","Carlsen Manga",,,"Attack on Titan",7,"Manga",,,,,,
"Attack on Titan Band 8","Hajime Isayama","978-3-551-74240-7","Carlsen Manga",,,"Attack on Titan",8,"Manga",,,,,,
"Attack on Titan Band 9","Hajime Isayama","978-3-551-79929-6","Carlsen Manga",,,"Attack on Titan",9,"Manga",,,,,,
"Attack on Titan Band 10","Hajime Isayama","978-3-551-79930-2","Carlsen Manga",,,"Attack on Titan",10,"Manga",,,,,,
"Attack on Titan Band 11","Hajime Isayama","978-3-551-79931-9","Carlsen Manga",,,"Attack on Titan",11,"Manga",,,,,,
"Attack on Titan Band 12","Hajime Isayama","978-3-551-79932-6","Carlsen Manga",,,"Attack on Titan",12,"Manga",,,,,,
"Attack on Titan Band 13","Hajime Isayama","978-3-551-79933-3","Carlsen Manga",,,"Attack on Titan",13,"Manga",,,,,,
"Attack on Titan Band 14","Hajime Isayama","978-3-551-79934-0","Carlsen Manga",,,"Attack on Titan",14,"Manga",,,,,,
"Attack on Titan Band 15","Hajime Isayama","978-3-551-79935-7","Carlsen Manga",,,"Attack on Titan",15,"Manga",,,,,,
"Attack on Titan Band 16","Hajime Isayama","978-3-551-79936-4","Carlsen Manga",,,"Attack on Titan",16,"Manga",,,,,,
"Attack on Titan Band 17","Hajime Isayama","978-3-551-79937-1","Carlsen Manga",,,"Attack on Titan",17,"Manga",,,,,,
"Attack on Titan Band 18","Hajime Isayama","978-3-551-79938-8","Carlsen Manga",,,"Attack on Titan",18,"Manga",,,,,,
"Attack on Titan Band 19","Hajime Isayama","978-3-551-79939-5","Carlsen Manga",,,"Attack on Titan",19,"Manga",,,,,,
"Attack on Titan Band 20","Hajime Isayama","978-3-551-79940-1","Carlsen Manga",,,"Attack on Titan",20,"Manga",,,,,,
"Naruto Band 1","Masashi Kishimoto","978-3-551-76251-1","Carlsen Manga",,,"Naruto",1,"Manga",,,,,,
"Naruto Band 2","Masashi Kishimoto","978-3-551-76252-8","Carlsen Manga",,,"Naruto",2,"Manga",,,,,,
"Naruto Band 3","Masashi Kishimoto","978-3-551-76253-5","Carlsen Manga",,,"Naruto",3,"Manga",,,,,,
"Naruto Band 4","Masashi Kishimoto","978-3-551-76254-2","Carlsen Manga",,,"Naruto",4,"Manga",,,,,,
"Naruto Band 5","Masashi Kishimoto","978-3-551-76255-9","Carlsen Manga",,,"Naruto",5,"Manga",,,,,,
"Naruto Band 6","Masashi Kishimoto","978-3-551-76256-6","Carlsen Manga",,,"Naruto",6,"Manga",,,,,,
"Naruto Band 7","Masashi Kishimoto","978-3-551-76257-3","Carlsen Manga",,,"Naruto",7,"Manga",,,,,,
"Naruto Band 8","Masashi Kishimoto","978-3-551-76258-0","Carlsen Manga",,,"Naruto",8,"Manga",,,,,,
"Naruto Band 9","Masashi Kishimoto","978-3-551-76259-7","Carlsen Manga",,,"Naruto",9,"Manga",,,,,,
"Naruto Band 10","Masashi Kishimoto","978-3-551-76260-3","Carlsen Manga",,,"Naruto",10,"Manga",,,,,,
"Naruto Band 11","Masashi Kishimoto","978-3-551-76261-0","Carlsen Manga",,,"Naruto",11,"Manga",,,,,,
"Naruto Band 12","Masashi Kishimoto","978-3-551-76262-7","Carlsen Manga",,,"Naruto",12,"Manga",,,,,,
"Naruto Band 13","Masashi Kishimoto","978-3-551-76263-4","Carlsen Manga",,,"Naruto",13,"Manga",,,,,,
"Naruto Band 14","Masashi Kishimoto","978-3-551-76264-1","Carlsen Manga",,,"Naruto",14,"Manga",,,,,,
"Naruto Band 15","Masashi Kishimoto","978-3-551-76265-8","Carlsen Manga",,,"Naruto",15,"Manga",,,,,,
"Naruto Band 16","Masashi Kishimoto","978-3-551-77336-4","Carlsen Manga",,,"Naruto",16,"Manga",,,,,,
"Naruto Band 17","Masashi Kishimoto","978-3-551-77337-1","Carlsen Manga",,,"Naruto",17,"Manga",,,,,,
"Naruto Band 18","Masashi Kishimoto","978-3-551-77338-8","Carlsen Manga",,,"Naruto",18,"Manga",,,,,,
"Naruto Band 19","Masashi Kishimoto","978-3-551-77339-5","Carlsen Manga",,,"Naruto",19,"Manga",,,,,,
"Naruto Band 20","Masashi Kishimoto","978-3-551-77420-0","Carlsen Manga",,,"Naruto",20,"Manga",,,,,,
"Naruto Band 21","Masashi Kishimoto","978-3-551-77421-7","Carlsen Manga",,,"Naruto",21,"Manga",,,,,,
"Naruto Band 22","Masashi Kishimoto","978-3-551-77422-4","Carlsen Manga",,,"Naruto",22,"Manga",,,,,,
"Naruto Band 23","Masashi Kishimoto","978-3-551-77423-1","Carlsen Manga",,,"Naruto",23,"Manga",,,,,,
"Naruto Band 24","Masashi Kishimoto","978-3-551-77424-8","Carlsen Manga",,,"Naruto",24,"Manga",,,,,,
"Naruto Band 25","Masashi Kishimoto","978-3-551-77425-5","Carlsen Manga",,,"Naruto",25,"Manga",,,,,,
"Naruto Band 26","Masashi Kishimoto","978-3-551-77426-2","Carlsen Manga",,,"Naruto",26,"Manga",,,,,,
"Naruto Band 27","Masashi Kishimoto","978-3-551-77427-9","Carlsen Manga",,,"Naruto",27,"Manga",,,,,,
"Naruto Band 28","Masashi Kishimoto","978-3-551-77428-6","Carlsen Manga",,,"Naruto",28,"Manga",,,,,,
"Naruto Band 29","Masashi Kishimoto","978-3-551-77429-3","Carlsen Manga",,,"Naruto",29,"Manga",,,,,,
"Naruto Band 30","Masashi Kishimoto","978-3-551-77980-9","Carlsen Manga",,,"Naruto",30,"Manga",,,,,,
"Naruto Band 31","Masashi Kishimoto","978-3-551-77981-6","Carlsen Manga",,,"Naruto",31,"Manga",,,,,,
"Naruto Band 32","Masashi Kishimoto","978-3-551-77982-3","Carlsen Manga",,,"Naruto",32,"Manga",,,,,,
"Naruto Band 33","Masashi Kishimoto","978-3-551-77983-0","Carlsen Manga",,,"Naruto",33,"Manga",,,,,,
"Naruto Band 34","Masashi Kishimoto","978-3-551-77984-7","Carlsen Manga",,,"Naruto",34,"Manga",,,,,,
"Naruto Band 35","Masashi Kishimoto","978-3-551-77985-4","Carlsen Manga",,,"Naruto",35,"Manga",,,,,,
"Naruto Band 36","Masashi Kishimoto","978-3-551-77986-1","Carlsen Manga",,,"Naruto",36,"Manga",,,,,,
"Naruto Band 37","Masashi Kishimoto","978-3-551-77987-8","Carlsen Manga",,,"Naruto",37,"Manga",,,,,,
"Naruto Band 38","Masashi Kishimoto","978-3-551-77988-5","Carlsen Manga",,,"Naruto",38,"Manga",,,,,,
"Naruto Band 39","Masashi Kishimoto","978-3-551-77989-2","Carlsen Manga",,,"Naruto",39,"Manga",,,,,,
"Naruto Band 40","Masashi Kishimoto","978-3-551-77964-9","Carlsen Manga",,,"Naruto",40,"Manga",,,,,,
"Naruto Band 41","Masashi Kishimoto","978-3-551-77965-6","Carlsen Manga",,,"Naruto",41,"Manga",,,,,,
"Naruto Band 42","Masashi Kishimoto","978-3-551-77966-3","Carlsen Manga",,,"Naruto",42,"Manga",,,,,,
"Naruto Band 43","Masashi Kishimoto","978-3-551-77967-0","Carlsen Manga",,,"Naruto",43,"Manga",,,,,,
"Naruto Band 44","Masashi Kishimoto","978-3-551-77968-7","Carlsen Manga",,,"Naruto",44,"Manga",,,,,,
"Naruto Band 45","Masashi Kishimoto","978-3-551-77969-4","Carlsen Manga",,,"Naruto",45,"Manga",,,,,,
"Naruto Band 46","Masashi Kishimoto","978-3-551-77970-0","Carlsen Manga",,,"Naruto",46,"Manga",,,,,,
"Naruto Band 47","Masashi Kishimoto","978-3-551-78227-4","Carlsen Manga",,,"Naruto",47,"Manga",,,,,,
"Naruto Band 48","Masashi Kishimoto","978-3-551-78228-1","Carlsen Manga",,,"Naruto",48,"Manga",,,,,,
"Naruto Band 49","Masashi Kishimoto","978-3-551-78229-8","Carlsen Manga",,,"Naruto",49,"Manga",,,,,,
"Naruto Band 50","Masashi Kishimoto","978-3-551-78230-4","Carlsen Manga",,,"Naruto",50,"Manga",,,,,,
"Naruto Band 51","Masashi Kishimoto","978-3-551-78231-1","Carlsen Manga",,,"Naruto",51,"Manga",,,,,,
"Naruto Band 52","Masashi Kishimoto","978-3-551-78232-8","Carlsen Manga",,,"Naruto",52,"Manga",,,,,,
"Naruto: Die Schriften des Rin","Masashi Kishimoto","978-3-551-77340-1","Carlsen Manga",,,"Naruto","Extra","Manga",,,,,,
"Sandland","Akira Toriyama","3-551-76201-5","Carlsen Comics",,,,,"Manga",,,,,,
"Fairy Tail Band 1","Hiro Mashima",,,,,"Fairy Tail",1,"Manga",,,,,,
"Fairy Tail Band 2","Hiro Mashima",,,,,"Fairy Tail",2,"Manga",,,,,,
"Fairy Tail Band 3","Hiro Mashima",,,,,"Fairy Tail",3,"Manga",,,,,,
"Fairy Tail Band 4","Hiro Mashima",,,,,"Fairy Tail",4,"Manga",,,,,,
"Fairy Tail Band 5","Hiro Mashima",,,,,"Fairy Tail",5,"Manga",,,,,,
"Fairy Tail Band 6","Hiro Mashima",,,,,"Fairy Tail",6,"Manga",,,,,,
"Fairy Tail Band 7","Hiro Mashima",,,,,"Fairy Tail",7,"Manga",,,,,,
"Fairy Tail Band 8","Hiro Mashima",,,,,"Fairy Tail",8,"Manga",,,,,,
"Fairy Tail Band 9","Hiro Mashima",,,,,"Fairy Tail",9,"Manga",,,,,,
"Fairy Tail Band 10","Hiro Mashima",,,,,"Fairy Tail",10,"Manga",,,,,,
"Fairy Tail Band 11","Hiro Mashima",,,,,"Fairy Tail",11,"Manga",,,,,,
"Fairy Tail Band 12","Hiro Mashima",,,,,"Fairy Tail",12,"Manga",,,,,,
"Fairy Tail Band 13","Hiro Mashima",,,,,"Fairy Tail",13,"Manga",,,,,,
"Fairy Tail Band 14","Hiro Mashima",,,,,"Fairy Tail",14,"Manga",,,,,,
"Fairy Tail Band 15","Hiro Mashima",,,,,"Fairy Tail",15,"Manga",,,,,,
"Fairy Tail Band 16","Hiro Mashima",,,,,"Fairy Tail",16,"Manga",,,,,,
"Fairy Tail Band 17","Hiro Mashima",,,,,"Fairy Tail",17,"Manga",,,,,,
"Fairy Tail Band 18","Hiro Mashima",,,,,"Fairy Tail",18,"Manga",,,,,,
"Fairy Tail Band 19","Hiro Mashima",,,,,"Fairy Tail",19,"Manga",,,,,,
"Fairy Tail Band 20","Hiro Mashima",,,,,"Fairy Tail",20,"Manga",,,,,,
"Fairy Tail Band 21","Hiro Mashima",,,,,"Fairy Tail",21,"Manga",,,,,,
"Fairy Tail Band 22","Hiro Mashima",,,,,"Fairy Tail",22,"Manga",,,,,,
"Fairy Tail Band 23","Hiro Mashima",,,,,"Fairy Tail",23,"Manga",,,,,,
"Fairy Tail Band 24","Hiro Mashima",,,,,"Fairy Tail",24,"Manga",,,,,,
"Fairy Tail Band 25","Hiro Mashima",,,,,"Fairy Tail",25,"Manga",,,,,,
"Fairy Tail Band 26","Hiro Mashima",,,,,"Fairy Tail",26,"Manga",,,,,,
"Fairy Tail Band 27","Hiro Mashima",,,,,"Fairy Tail",27,"Manga",,,,,,
"Fairy Tail Band 28","Hiro Mashima",,,,,"Fairy Tail",28,"Manga",,,,,,
"Fairy Tail Band 29","Hiro Mashima",,,,,"Fairy Tail",29,"Manga",,,,,,
"Fairy Tail Band 30","Hiro Mashima",,,,,"Fairy Tail",30,"Manga",,,,,,
"Fairy Tail Band 31","Hiro Mashima",,,,,"Fairy Tail",31,"Manga",,,,,,
"Fairy Tail Band 32","Hiro Mashima",,,,,"Fairy Tail",32,"Manga",,,,,,
"Fairy Tail Band 33","Hiro Mashima",,,,,"Fairy Tail",33,"Manga",,,,,,
"Fairy Tail Band 34","Hiro Mashima",,,,,"Fairy Tail",34,"Manga",,,,,,
"Fairy Tail Band 35","Hiro Mashima",,,,,"Fairy Tail",35,"Manga",,,,,,
"Fairy Tail Band 36","Hiro Mashima",,,,,"Fairy Tail",36,"Manga",,,,,,
"Fairy Tail Band 37","Hiro Mashima",,,,,"Fairy Tail",37,"Manga",,,,,,
"Fairy Tail Band 38","Hiro Mashima",,,,,"Fairy Tail",38,"Manga",,,,,,
"Fairy Tail Band 39","Hiro Mashima",,,,,"Fairy Tail",39,"Manga",,,,,,
"Fairy Tail Band 40","Hiro Mashima",,,,,"Fairy Tail",40,"Manga",,,,,,
"Fairy Tail Band 41","Hiro Mashima",,,,,"Fairy Tail",41,"Manga",,,,,,
"Fairy Tail Band 42","Hiro Mashima",,,,,"Fairy Tail",42,"Manga",,,,,,
"Fairy Tail Band 43","Hiro Mashima",,,,,"Fairy Tail",43,"Manga",,,,,,
"Fairy Tail Band 44","Hiro Mashima",,,,,"Fairy Tail",44,"Manga",,,,,,
"Fairy Tail Band 45","Hiro Mashima",,,,,"Fairy Tail",45,"Manga",,,,,,
"Fairy Tail Band 46","Hiro Mashima",,,,,"Fairy Tail",46,"Manga",,,,,,
"Supergirl: Last Daughter of Krypton ","Michael Green; Mike Johnson; Mahmud Asrar","978-1-4012-3680-9","DC Comics",,,"The New 52: Supergirl",1,"Comics",,,,,,
"All Star Western: Guns and Gotham","Justin Gray; Jimmy Palmiotti; Moritat","978-1-4012-3709-7","DC Comics",,,"The New 52: All Star Western",1,"Comics",,,,,,
"DC Universe Presents: Deadman & Challengers of the Unknown","Paul Jenkins; Dan DiDio; Bernard Chang; Jerry Ordway","978-1-4012-3716-5","DC Comics",,,"The New 52: DC Universe Presents",1,"Comics",,,,,,
"Teen Titans: It’s our Right to Fight","Scott Lobdell; Brett Booth; Norm Rapmund","978-1-4012-3698-4","DC Comics",,,"The New 52: Teen Titans",1,"Comics",,,,,,
"Red Hood and the Outlaws: Redemption","Scott Lobdell; Kenneth Rocafort","978-1-4012-3712-7","DC Comics",,,"The New 52: Red Hood and the Outlaws",1,"Comics",,,,,,
"Superboy: Incubation","Scott Lobdell; R.B. Silva; Rob Lean","978-1-4012-3485-0","DC Comics",,,"The New 52: Superboy",1,"Comics",,,,,,
"Voodoo: What Lies Beneath","Ron Marz; Sami Basri; Josh Williamson","978-1-4012-3561-1","DC Comics",,,"The New 52: Voodoo",1,"Comics",,,,,,
"All Star Batman","Frank Miller; Jim Lee","978-3-86201-425-5","Panini Comics",,,,,"Comics",,,,,,
"Green Arrow: Auferstehung","Kevin Smith; Phil Hester","978-3-95798-477-7","Panini Comics",,,,,"Comics",,,,,,
"Arrow: Vergeltung","Marc Guggenheim; Andrew Kreisberg","978-3-86201-777-5","Panini Comics",,,,,"Comics",,,,,,
"Deathstroke: Tödliche Mission","Tony S. Daniel; Sndu Florea; Tomeu Morey","978-3-95798-491-3","Panini Comics",,,,,"Comics",,,,,,
"The League of Extraordinary Gentlemen Volume 1","Alan Moore; Kevin O’Neill","978-1-56389-858-7","Vertigo Comics",,,,,"Comics",,,,,,
"The League of Extraordinary Gentlemen Volume 2","Alan Moore; Kevin O’Neill","978-1-4012-0118-0","Vertigo Comics",,,,,"Comics",,,,,,
"Flashpoint","Geoff Johns; Andy Kubert; Sandra Hope","978-1-4012-3338-9","DC Comics",,,,,"Comics",,,,,,
"Marvel","Alex Ross","978-1-302-93413-2","Marvel",,,,,"Comics",,,,,,
